model,dataset,arm,seed,knob,value,status,winner,val HR@20,val NDCG@20,val Recall@20,test HR@20,test NDCG@20,test Recall@20,train (s),wall (h),cfg.batch_size,cfg.k_embed_dim,cfg.lambda_reg,cfg.lambda_shared,cfg.learning_rate,cfg.mlp_hidden_count,cfg.n_epochs,cfg.num_factors,cfg.num_layers,cfg.num_neg
bpr,musical,uniform,42,baseline,,done,,0.0646,0.016,0.0311,0.048527408028508544,0.012403053260382671,0.02491447477219329,289.42234778404236,0.08333189758989545,4096.0,64.0,,0.0001,0.05,,1000.0,,,
bpr,musical,uniform,42,k_embed_dim,32,done,,0.0609,0.0156,0.03,0.047164867414317156,0.012289712764991847,0.024874444703066816,277.4053237438202,0.07946914321846432,4096.0,32.0,,0.0001,0.05,,1000.0,,,
bpr,musical,uniform,42,k_embed_dim,128,done,,0.0643,0.0161,0.0306,0.049470705376794884,0.012933740171406012,0.026618528708855522,335.8502402305603,0.09684029036098056,4096.0,128.0,,0.0001,0.05,,1000.0,,,
bpr,musical,uniform,42,k_embed_dim,256,done,,0.0651,0.0162,0.0315,0.05439681375117912,0.013947871992681818,0.029697849904726327,632.2909963130951,0.17950376934475368,4096.0,256.0,,0.0001,0.05,,1000.0,,,
bpr,musical,uniform,42,lambda_shared,1e-06,done,,0.06499706227967098,0.016209907542043822,0.03131525387504173,0.05397757048527408,0.01395030326184211,0.02933042976474566,645.5521597862244,0.18333768771754372,4096.0,256.0,,1e-06,0.05,,1000.0,,,
bpr,musical,uniform,42,lambda_shared,1e-05,done,,0.06485017626321975,0.016199346944288626,0.03128261253805257,0.05408238130175034,0.013942899922851078,0.029365366703571084,694.0866827964783,0.19836099723974865,4096.0,256.0,,1e-05,0.05,,1000.0,,,
bpr,musical,uniform,42,learning_rate,0.001,done,,0.0425,0.01,0.0182,0.03909443454564511,0.010630263140154446,0.01892997245737968,3202.929281949997,0.8943943215078778,4096.0,256.0,,0.0001,0.001,,1000.0,,,
bpr,musical,uniform,42,lambda_shared,0.001,done,yes,0.0651439482961222,0.016307780493331987,0.03146691340498842,0.053348705586416516,0.013312944093371708,0.029220034331532915,713.0019743442535,0.2032972079515457,4096.0,256.0,,0.001,0.05,,1000.0,,,
bpr,musical,uniform,42,learning_rate,0.01,done,,0.06565804935370152,0.016054847093321268,0.030787474524019823,0.051147678440415054,0.013444776297167432,0.025941443834021194,1839.8032348155975,0.5160738609234492,4096.0,256.0,,0.0001,0.01,,1000.0,,,
bpr,musical,uniform,42,lambda_shared,0.01,done,,0.0633813160987074,0.015687768573657196,0.03080552031678794,0.05397757048527408,0.013288837855575603,0.02811614369562258,673.1230056285858,0.19089322308699289,4096.0,256.0,,0.01,0.05,,1000.0,,,
bpr,musical,uniform,42,learning_rate,0.1,done,,0.0620593419506463,0.015460009572404674,0.02999443273534742,0.05009957027565245,0.01328129231840943,0.02722266125454679,385.9296905994415,0.11121303213967218,4096.0,256.0,,0.0001,0.1,,1000.0,,,
bpr,musical,uniform,2026,baseline,,done,,0.05882784958871915,0.014364950176684882,0.027823885583959294,0.05219578660517765,0.013122120929132544,0.02657849587365612,572.2617182731628,0.16386841124958462,4096.0,64.0,,0.0001,0.05,,1000.0,,,
bpr,musical,uniform,2026,k_embed_dim,32,done,,0.060223266745005874,0.014847868636725466,0.029188080109443956,0.05167173252279635,0.012625295370542503,0.026779603154734058,495.26123547554016,0.14267998894055683,4096.0,32.0,,0.0001,0.05,,1000.0,,,
bpr,musical,uniform,2026,k_embed_dim,128,done,,0.06573149236192714,0.016094850919020954,0.031219348820172178,0.05408238130175034,0.013775755102500023,0.028022457520674924,655.6868720054626,0.18773266110155318,4096.0,128.0,,0.0001,0.05,,1000.0,,,
bpr,musical,uniform,2026,k_embed_dim,256,done,,0.0647032902467685,0.016557986003267657,0.031227332277327484,0.05355832721936904,0.013639432828933856,0.028571532873229992,837.7012364864349,0.23966645042101542,4096.0,256.0,,0.0001,0.05,,1000.0,,,
bpr,musical,uniform,2026,lambda_shared,1e-06,done,,0.06536427732079907,0.016635272315526042,0.031550035891580876,0.053767948852321557,0.013765178275458811,0.02863200065196629,863.8082904815674,0.2476456438170539,4096.0,256.0,,1e-06,0.05,,1000.0,,,
bpr,musical,uniform,2026,lambda_shared,1e-05,done,yes,0.06536427732079907,0.016674671469433893,0.031550035891580876,0.053767948852321557,0.013758820311520804,0.02863200065196629,901.2272326946259,0.2583174821403291,4096.0,256.0,,1e-05,0.05,,1000.0,,,
bpr,musical,uniform,2026,learning_rate,0.001,done,,0.0017626321974148062,0.0002697082784011039,0.0006998166644905775,0.0018865946965726864,0.0005261666150237743,0.0010201586137022676,230.98022079467773,0.07026461296611362,4096.0,256.0,,0.0001,0.001,,1000.0,,,
bpr,musical,uniform,2026,lambda_shared,0.001,done,,0.06521739130434782,0.016284544358699166,0.031388789956646276,0.05387275966879782,0.01312675499526978,0.028170147127292485,852.6657855510712,0.24472902543014952,4096.0,256.0,,0.001,0.05,,1000.0,,,
bpr,musical,uniform,2026,learning_rate,0.01,done,,0.04127497062279671,0.01017414447515446,0.018259362076443703,0.039723299444502674,0.010777555788602712,0.019195361625461264,684.5552175045013,0.19684707350201078,4096.0,256.0,,0.0001,0.01,,1000.0,,,
bpr,musical,uniform,2026,lambda_shared,0.01,done,,0.06529083431257345,0.0157348008786269,0.0311523962988589,0.05230059742165392,0.013066637687439195,0.026781450877656342,697.3303544521332,0.19968916429413688,4096.0,256.0,,0.01,0.05,,1000.0,,,
bpr,musical,uniform,2026,learning_rate,0.1,done,,0.06360164512338426,0.015382817902532687,0.030474599487763782,0.05062362435803375,0.01330744617126992,0.02736460764366564,627.0482382774353,0.18178774191273583,4096.0,256.0,,0.0001,0.1,,1000.0,,,
bpr,musical,causal,42,baseline,,done,,0.0727,0.0179,0.0359,0.06099989518918352,0.01605295325408786,0.032993715700966854,405.754709482193,0.11630968769391378,4096.0,64.0,,0.0001,0.05,,1000.0,,,
bpr,musical,causal,42,k_embed_dim,32,done,,0.0686,0.0167,0.0332,0.05670265171365685,0.014447275995221888,0.030950831096641405,282.8878629207611,0.08209757692284055,4096.0,32.0,,0.0001,0.05,,1000.0,,,
bpr,musical,causal,42,k_embed_dim,128,done,,0.0746,0.0187,0.0368,0.06183838172099361,0.015729859204780625,0.033233953007087,336.1743929386139,0.09622849875026279,4096.0,128.0,,0.0001,0.05,,1000.0,,,
bpr,musical,causal,42,k_embed_dim,256,done,,0.0754,0.0196,0.038,0.06204800335394613,0.016840127845608777,0.03441813166095818,515.3274323940277,0.1474126738972134,4096.0,256.0,,0.0001,0.05,,1000.0,,,
bpr,musical,causal,42,lambda_shared,1e-06,done,yes,0.0754,0.0197,0.0379,0.06225762498689865,0.016852406557396133,0.03444433436507724,571.1267290115356,0.1638675178421868,4096.0,256.0,,1e-06,0.05,,1000.0,,,
bpr,musical,causal,42,lambda_shared,1e-05,done,,0.0754,0.0197,0.0379,0.06225762498689865,0.016883724777285433,0.03444433436507724,564.8091058731079,0.16216367026170095,4096.0,256.0,,1e-05,0.05,,1000.0,,,
bpr,musical,causal,42,learning_rate,0.001,done,,0.0427,0.0102,0.0186,0.03857038046326381,0.010712656588704036,0.01874543394306318,3491.269218683243,0.9744920513365004,4096.0,256.0,,0.0001,0.001,,1000.0,,,
bpr,musical,causal,42,lambda_shared,0.001,done,,0.0754,0.0192,0.0376,0.060790273556231005,0.01651611508598743,0.03361211662177217,573.5811471939087,0.16438426143593257,4096.0,256.0,,0.001,0.05,,1000.0,,,
bpr,musical,causal,42,learning_rate,0.01,done,,0.076,0.0194,0.0378,0.06267686825280369,0.01620486336583259,0.034673262258682246,2210.3513493537903,0.619026756617758,4096.0,256.0,,0.0001,0.01,,1000.0,,,
bpr,musical,causal,42,lambda_shared,0.01,done,,0.0738,0.018,0.0363,0.06246724661985117,0.015348304069123965,0.03421874872869487,604.4017324447632,0.17224507239129808,4096.0,256.0,,0.01,0.05,,1000.0,,,
bpr,musical,causal,42,learning_rate,0.1,done,,0.0718,0.0183,0.0358,0.05963735457499214,0.015440762186363923,0.03232622593197922,397.6075382232666,0.11499586767620511,4096.0,256.0,,0.0001,0.1,,1000.0,,,
bpr,musical,causal,2026,baseline,,done,,0.07131316098707403,0.017611839917576335,0.03488008159247242,0.06110470600565979,0.015632451615779617,0.03333000462181091,387.6154079437256,0.11174824012650383,4096.0,64.0,,0.0001,0.05,,1000.0,,,
bpr,musical,causal,2026,k_embed_dim,32,done,,0.07021151586368977,0.017359101911632473,0.03471881417835233,0.05649303008070433,0.01369666550186984,0.029441486683403028,361.9735527038574,0.10478007402684954,4096.0,32.0,,0.0001,0.05,,1000.0,,,
bpr,musical,causal,2026,k_embed_dim,128,done,,0.07278202115158637,0.01811943825699005,0.03562622126797065,0.06246724661985117,0.016279154385360803,0.03442379208697163,539.1478192806244,0.15400692496034835,4096.0,128.0,,0.0001,0.05,,1000.0,,,
bpr,musical,causal,2026,k_embed_dim,256,done,,0.07417743830787309,0.018406311001468792,0.03745551722342723,0.06288648988575621,0.01599389991787332,0.034406360463700374,804.0937631130219,0.22993541750642987,4096.0,256.0,,0.0001,0.05,,1000.0,,,
bpr,musical,causal,2026,lambda_shared,1e-06,done,,0.07403055229142186,0.018376140768296304,0.037348919626420424,0.06299130070223247,0.016000111989725674,0.03455920957106159,802.4612572193146,0.22920179824034373,4096.0,256.0,,1e-06,0.05,,1000.0,,,
bpr,musical,causal,2026,lambda_shared,1e-05,done,,0.07410399529964748,0.01836915599003698,0.037372176579025196,0.06299130070223247,0.01599084279640643,0.034517285244471084,801.6281225681305,0.22885330332650078,4096.0,256.0,,1e-05,0.05,,1000.0,,,
bpr,musical,causal,2026,learning_rate,0.001,done,,0.042670387779083434,0.010372590790457641,0.01821257152693576,0.03951367781155015,0.010393475942470008,0.018756881417626502,3692.8134162425995,1.031680711640252,4096.0,256.0,,0.0001,0.001,,1000.0,,,
bpr,musical,causal,2026,lambda_shared,0.001,done,yes,0.077262044653349,0.0188336457447283,0.03865613008063924,0.06498270621528142,0.016315382407107015,0.03531362794955668,790.9990227222443,0.22570374442471397,4096.0,256.0,,0.001,0.05,,1000.0,,,
bpr,musical,causal,2026,learning_rate,0.01,done,,0.07417743830787309,0.018384349744226577,0.03541210964041743,0.059008489676134576,0.014876415492510833,0.03077581536128774,2037.9586055278778,0.5722748444477717,4096.0,256.0,,0.0001,0.01,,1000.0,,,
bpr,musical,causal,2026,lambda_shared,0.01,done,,0.0759400705052879,0.01868775733713896,0.03846455032565241,0.06194319253746987,0.016279916761848305,0.03381262474491532,1037.2027361392975,0.2942949254645242,4096.0,256.0,,0.01,0.05,,1000.0,,,
bpr,musical,causal,2026,learning_rate,0.1,done,,0.06382197414806111,0.015544025505679737,0.03240169688016305,0.054606435384131645,0.01420016584384688,0.03005093379582345,655.5798487663269,0.18810993678039975,4096.0,256.0,,0.0001,0.1,,1000.0,,,
bpr,baby,uniform,42,baseline,,done,,0.0332,0.0077,0.0165,0.026160472164619558,0.006599067769984543,0.01451010495957974,493.1932461261749,0.14198162708017562,4096.0,64.0,,0.0001,0.05,,1000.0,,,
bpr,baby,uniform,42,k_embed_dim,32,done,,0.0312,0.0072,0.0149,0.025123624182485246,0.0061341958908481846,0.01382279123437179,390.11820244789124,0.11313378221458859,4096.0,32.0,,0.0001,0.05,,1000.0,,,
bpr,baby,uniform,42,k_embed_dim,128,done,,0.0343,0.0079,0.0166,0.025681926942096027,0.006058724900097542,0.013973231869872524,566.8440804481506,0.163000391986635,4096.0,128.0,,0.0001,0.05,,1000.0,,,
bpr,baby,uniform,42,k_embed_dim,256,done,yes,0.0352,0.0085,0.0179,0.025522411867921518,0.0066930966736123065,0.01482657043343733,1338.0115220546722,0.38145912720097436,4096.0,256.0,,0.0001,0.05,,1000.0,,,
bpr,baby,uniform,42,lambda_shared,1e-06,done,,0.0351,0.0084,0.0179,0.02536289679374701,0.006681876129334095,0.014767689602104752,1398.8632264137268,0.39835193428728316,4096.0,256.0,,1e-06,0.05,,1000.0,,,
bpr,baby,uniform,42,lambda_shared,1e-05,done,,0.035,0.0084,0.0179,0.025283139256659756,0.006674803253328643,0.01474792063992073,1347.914617061615,0.38447443783283236,4096.0,256.0,,1e-05,0.05,,1000.0,,,
bpr,baby,uniform,42,learning_rate,0.001,done,,0.0264,0.005,0.0123,0.018583506141330357,0.0037903605431457792,0.009259364164100824,4995.014664888382,1.3974106330341762,4096.0,256.0,,0.0001,0.001,,1000.0,,,
bpr,baby,uniform,42,lambda_shared,0.001,done,,0.0357,0.0084,0.0179,0.025761684479183283,0.006538616979782567,0.014438954452900296,1433.7940526008606,0.4092376559972763,4096.0,256.0,,0.001,0.05,,1000.0,,,
bpr,baby,uniform,42,learning_rate,0.01,done,,0.0264,0.0049,0.0123,0.01746690062210879,0.0034414061115438806,0.008902451357681572,882.2413680553436,0.25586815933386486,4096.0,256.0,,0.0001,0.01,,1000.0,,,
bpr,baby,uniform,42,lambda_shared,0.01,done,,0.0298,0.0065,0.0146,0.02249162545860584,0.005321993336937904,0.012378389041802851,662.7380621433258,0.19519109739197624,4096.0,256.0,,0.01,0.05,,1000.0,,,
bpr,baby,uniform,42,learning_rate,0.1,done,,0.0326,0.0079,0.0165,0.024645078959961715,0.006180136526515797,0.014352393590773626,820.2431929111481,0.2388711506790585,4096.0,256.0,,0.0001,0.1,,1000.0,,,
bpr,baby,uniform,2026,baseline,,done,,0.03416247564677631,0.007828364088026708,0.017422673738807896,0.024485563885787206,0.005998164946989906,0.013694204748663898,618.8059277534485,0.1792458168665568,4096.0,64.0,,0.0001,0.05,,1000.0,,,
bpr,baby,uniform,2026,k_embed_dim,32,done,,0.030084726564269856,0.006980738299689608,0.014977393276301354,0.02153453501355878,0.005375528484654418,0.011945305800075537,805.6458411216736,0.2311125154627694,4096.0,32.0,,0.0001,0.05,,1000.0,,,
bpr,baby,uniform,2026,k_embed_dim,128,done,,0.03235014272121789,0.007717711970383382,0.01609886126018549,0.024166533737438187,0.005811034708440267,0.012787222157823762,940.3308849334717,0.2699374214145872,4096.0,128.0,,0.0001,0.05,,1000.0,,,
bpr,baby,uniform,2026,k_embed_dim,256,done,,0.035838883602917856,0.008470559092834425,0.017628890609725122,0.02536289679374701,0.0057788355221761525,0.013606484608403486,1489.0633141994476,0.4269841398795446,4096.0,256.0,,0.0001,0.05,,1000.0,,,
bpr,baby,uniform,2026,lambda_shared,1e-06,done,yes,0.035748266956639935,0.008588790429179902,0.017811460105533708,0.025761684479183283,0.0057940101370903985,0.013766442780006258,1481.068636417389,0.424825244281027,4096.0,256.0,,1e-06,0.05,,1000.0,,,
bpr,baby,uniform,2026,lambda_shared,1e-05,done,,0.035838883602917856,0.008576840928078285,0.01779065946627446,0.025761684479183283,0.0058205418849802005,0.013766442780006258,1471.0718607902527,0.4222513814104928,4096.0,256.0,,1e-05,0.05,,1000.0,,,
bpr,baby,uniform,2026,learning_rate,0.001,done,,0.026324135743736123,0.005642231596769075,0.01245356408249368,0.01970011166055192,0.0038605765161504016,0.009744811217368697,5159.171319246292,1.4464877484242122,4096.0,256.0,,0.0001,0.001,,1000.0,,,
bpr,baby,uniform,2026,lambda_shared,0.001,done,,0.033482850799691904,0.008147047472129902,0.01710188166708943,0.024246291274525444,0.0056607530720560895,0.013355802002932378,1738.4247317314148,0.49604982561535305,4096.0,256.0,,0.001,0.05,,1000.0,,,
bpr,baby,uniform,2026,learning_rate,0.01,done,,0.02396810294051017,0.004514441038026919,0.01072867852100067,0.016509810177061733,0.0031317916028084166,0.007905324108570881,949.4001815319061,0.2765311417977015,4096.0,256.0,,0.0001,0.01,,1000.0,,,
bpr,baby,uniform,2026,lambda_shared,0.01,done,,0.03334692583027502,0.006587769695912405,0.016085372530018547,0.02336895836656564,0.004759356359729761,0.012805467691056678,807.7905488014221,0.23762802057796054,4096.0,256.0,,0.01,0.05,,1000.0,,,
bpr,baby,uniform,2026,learning_rate,0.1,done,,0.033573467445969826,0.008185550097997646,0.017097636498660397,0.022411867921518582,0.0057989011667894455,0.013050801325680993,1186.0173723697662,0.34270181556542717,4096.0,256.0,,0.0001,0.1,,1000.0,,,
bpr,baby,causal,42,baseline,,done,,0.0491,0.0121,0.0268,0.03262083266868719,0.00892353235320491,0.019487566725698114,426.7635147571564,0.12311244116889106,4096.0,64.0,,0.0001,0.05,,1000.0,,,
bpr,baby,causal,42,k_embed_dim,32,done,,0.0439,0.0114,0.0234,0.03429574094751954,0.009574575510085491,0.02094744599741176,350.62812423706055,0.10214119089974297,4096.0,32.0,,0.0001,0.05,,1000.0,,,
bpr,baby,causal,42,k_embed_dim,128,done,yes,0.0462,0.0127,0.0242,0.0327803477428617,0.010088429482304631,0.01970006044062091,406.5847406387329,0.11894191119405959,4096.0,128.0,,0.0001,0.05,,1000.0,,,
bpr,baby,causal,42,k_embed_dim,256,done,,0.0464,0.0118,0.0244,0.03581113415217738,0.010282364521589557,0.021828985668958602,1016.7776546478271,0.2924145154820548,4096.0,256.0,,0.0001,0.05,,1000.0,,,
bpr,baby,causal,42,lambda_shared,1e-06,done,,0.04621448960173984,0.012639076758192742,0.0242186988256726,0.03270059020577445,0.010129779749627437,0.019549850412439913,411.8924171924591,0.12045325809054905,4096.0,128.0,,1e-06,0.05,,1000.0,,,
bpr,baby,causal,42,lambda_shared,1e-05,done,,0.04621448960173984,0.012633634168346489,0.02418471758331838,0.03270059020577445,0.010127837395716403,0.019549850412439913,413.0951726436615,0.1200657516055637,4096.0,128.0,,1e-05,0.05,,1000.0,,,
bpr,baby,causal,42,learning_rate,0.001,done,,0.02537266095781795,0.005119690268922668,0.012073661181268866,0.017785930770457807,0.003602781418998403,0.008970371720259121,2342.1583795547485,0.657537669936816,4096.0,128.0,,0.0001,0.001,,1000.0,,,
bpr,baby,causal,42,lambda_shared,0.001,done,,0.04644103121743464,0.012127679210150014,0.024613234791773086,0.03238156005742543,0.00962823501929972,0.01914964050217,396.7959306240082,0.11545407527022891,4096.0,128.0,,0.001,0.05,,1000.0,,,
bpr,baby,causal,42,learning_rate,0.01,done,,0.025735127542929635,0.004840230302916799,0.011642437324577976,0.01730738554793428,0.0033326419608765276,0.008675464187003224,425.31266832351685,0.12326376530859205,4096.0,128.0,,0.0001,0.01,,1000.0,,,
bpr,baby,causal,42,lambda_shared,0.01,done,,0.0445380816455983,0.009886426317087808,0.024328537543901945,0.03214228744616366,0.00810066556322463,0.02061153641247217,564.7000796794891,0.16257360557715098,4096.0,128.0,,0.01,0.05,,1000.0,,,
bpr,baby,causal,42,learning_rate,0.1,done,,0.04145711567214897,0.010794175302218337,0.021987806064743244,0.030307864093156802,0.008516667548840019,0.01752119145868618,328.174396276474,0.09639038271374173,4096.0,128.0,,0.0001,0.1,,1000.0,,,
bpr,baby,causal,2026,baseline,,done,,0.04789089755788138,0.012426622378900331,0.025407623817556627,0.03940022332110384,0.011023756288650866,0.02313018444604891,485.77624464035034,0.14267039808962081,4096.0,64.0,,0.0001,0.05,,1000.0,,,
bpr,baby,causal,2026,k_embed_dim,32,done,,0.04367722350595805,0.01098659513719004,0.023417501881007177,0.03293986281703621,0.008891428316845782,0.019378573730784204,533.984307050705,0.1556882557604048,4096.0,32.0,,0.0001,0.05,,1000.0,,,
bpr,baby,causal,2026,k_embed_dim,128,done,,0.045263014815821664,0.01186739925298373,0.023834222960498246,0.03206252990907641,0.00931881567448957,0.01891693886775897,660.704464673996,0.19244079914357928,4096.0,128.0,,0.0001,0.05,,1000.0,,,
bpr,baby,causal,2026,k_embed_dim,256,done,,0.049521997190883967,0.012011459353609739,0.026413040003112315,0.03724676981974796,0.009973836643823017,0.023269168300009833,1395.3055264949799,0.4011950969033771,4096.0,256.0,,0.0001,0.05,,1000.0,,,
bpr,baby,causal,2026,lambda_shared,1e-06,done,,0.04780028091160346,0.012468226639241502,0.025271698848139748,0.03924070824692934,0.01105530257230565,0.023152469640235058,477.6494436264038,0.14061640977859496,4096.0,64.0,,1e-06,0.05,,1000.0,,,
bpr,baby,causal,2026,lambda_shared,1e-05,done,yes,0.04780028091160346,0.012486987681642614,0.025271698848139748,0.03940022332110384,0.011076509633104638,0.02322988136740798,487.2700731754303,0.14333203468057845,4096.0,64.0,,1e-05,0.05,,1000.0,,,
bpr,baby,causal,2026,learning_rate,0.001,done,,0.02460241946445562,0.004996389614855981,0.011562974873165197,0.01930132397511565,0.004257470258419888,0.010384398808195725,2572.0822608470917,0.7220068165991042,4096.0,64.0,,0.0001,0.001,,1000.0,,,
bpr,baby,causal,2026,lambda_shared,0.001,done,,0.04789089755788138,0.012388592516290686,0.02585388678590742,0.03868240548731855,0.010779119392175723,0.022992140585773577,505.1789171695709,0.1484500213464101,4096.0,64.0,,0.001,0.05,,1000.0,,,
bpr,baby,causal,2026,learning_rate,0.01,done,,0.024783652757011464,0.004569241769940773,0.011233276712889163,0.01826447599298134,0.0033964300946414563,0.008937254126278871,484.1150176525116,0.14171638594733343,4096.0,64.0,,0.0001,0.01,,1000.0,,,
bpr,baby,causal,2026,lambda_shared,0.01,done,,0.04539893978523855,0.010687551867140987,0.024712609048493168,0.02911150103684798,0.007615811609973921,0.017651810882008723,743.8482060432434,0.21417479621039495,4096.0,64.0,,0.01,0.05,,1000.0,,,
bpr,baby,causal,2026,learning_rate,0.1,done,,0.0445380816455983,0.011109689707443613,0.023881658145157286,0.02974956133354602,0.00827790346413839,0.017439708945225677,423.28779458999634,0.12499288174841139,4096.0,64.0,,0.0001,0.1,,1000.0,,,
bpr,cellphone,uniform,42,baseline,,done,,0.0178,0.0053,0.0113,0.012476425359059917,0.0041837819112248995,0.008738301233428818,8465.08803987503,2.429682023459011,4096.0,64.0,,0.0001,0.05,,1000.0,,,
bpr,cellphone,uniform,42,k_embed_dim,32,done,,0.0165,0.0049,0.0104,0.012313216306397794,0.0038176933312728954,0.008593043981244027,4780.325660943985,1.377684870229827,4096.0,32.0,,0.0001,0.05,,1000.0,,,
bpr,cellphone,uniform,42,k_embed_dim,128,done,,0.018,0.0054,0.0115,0.013927172493834324,0.004412835593238476,0.009755409145665847,14077.303809642792,4.022246106531885,4096.0,128.0,,0.0001,0.05,,1000.0,,,
bpr,cellphone,uniform,42,k_embed_dim,256,done,,0.0187,0.0058,0.0121,0.0133106049615552,0.004469445484298375,0.0095641360832842,27206.735086917877,7.744466154442893,4096.0,256.0,,0.0001,0.05,,1000.0,,,
bpr,cellphone,uniform,42,lambda_shared,1e-06,done,,0.01929350761585827,0.006069716753410041,0.01264102462920212,0.013510082692586682,0.004531379419617069,0.009559204511804543,30132.6119222641,8.556719171272384,4096.0,256.0,,1e-06,0.1,,1000.0,,,
bpr,cellphone,uniform,42,lambda_shared,1e-05,done,,0.019250297072485687,0.006039291087427012,0.012611767490460266,0.013510082692586682,0.004540061495399237,0.009573884691144523,28929.81982779503,8.221083159314261,4096.0,256.0,,1e-05,0.1,,1000.0,,,
bpr,cellphone,uniform,42,learning_rate,0.001,done,,0.0004,0.0001,0.0003,0.00036268678369360223,8.552909830740557e-05,0.00025901881135451425,5982.71510219574,1.8491730895969603,4096.0,256.0,,0.0001,0.001,,1000.0,,,
bpr,cellphone,uniform,42,lambda_shared,0.001,done,,0.018159230852327967,0.0052694513917150585,0.01169822926245731,0.013365007979109242,0.004113011338449142,0.00952218177930683,9138.046998262405,2.724469781120618,4096.0,256.0,,0.001,0.1,,1000.0,,,
bpr,cellphone,uniform,42,learning_rate,0.01,done,,0.012865939289186562,0.0031979147480699155,0.00809467052359555,0.0101189612650515,0.0026354874222771375,0.0069309895759736145,16438.10596728325,4.75028436296516,4096.0,256.0,,0.0001,0.01,,1000.0,,,
bpr,cellphone,uniform,42,lambda_shared,0.01,done,,0.01987684995138814,0.005768251104436973,0.013075685057563647,0.014978964166545771,0.004562362554399354,0.010830936224904735,11037.737549066544,3.2497264057397843,4096.0,256.0,,0.01,0.1,,1000.0,,,
bpr,cellphone,uniform,42,learning_rate,0.1,done,yes,0.019812034136329263,0.006111538989271949,0.012853247744720984,0.013909038154649644,0.004603959423491565,0.009959458588446398,22881.574656248093,6.542297461231549,4096.0,256.0,,0.0001,0.1,,1000.0,,,
bpr,cellphone,uniform,2026,baseline,,done,,0.01627957221562061,0.004955322112533692,0.010382015929169472,0.012440156680690555,0.003996165893290885,0.008972589621380124,15146.452780246735,4.332248223688867,4096.0,64.0,,0.0001,0.05,,1000.0,,,
bpr,cellphone,uniform,2026,k_embed_dim,32,done,,0.014723992654207627,0.0043927041665934585,0.009422358314992848,0.011061946902654867,0.0035364065809527466,0.007808601278902954,8386.55425953865,2.414755458831787,4096.0,32.0,,0.0001,0.05,,1000.0,,,
bpr,cellphone,uniform,2026,k_embed_dim,128,done,,0.01774873069028843,0.005337641586843997,0.011373903223219193,0.01309299289133904,0.004488484578484625,0.009350472578939643,18189.43130660057,5.18815595097012,4096.0,128.0,,0.0001,0.05,,1000.0,,,
bpr,cellphone,uniform,2026,k_embed_dim,256,missing,,,,,,,,,,,,,,,,,,,
bpr,cellphone,uniform,2026,lambda_shared,1e-06,missing,,,,,,,,,,,,,,,,,,,
bpr,cellphone,uniform,2026,lambda_shared,1e-05,missing,,,,,,,,,,,,,,,,,,,
bpr,cellphone,uniform,2026,learning_rate,0.001,missing,,,,,,,,,,,,,,,,,,,
bpr,cellphone,uniform,2026,lambda_shared,0.001,missing,,,,,,,,,,,,,,,,,,,
bpr,cellphone,uniform,2026,learning_rate,0.01,missing,,,,,,,,,,,,,,,,,,,
bpr,cellphone,uniform,2026,lambda_shared,0.01,missing,,,,,,,,,,,,,,,,,,,
bpr,cellphone,uniform,2026,learning_rate,0.1,missing,,,,,,,,,,,,,,,,,,,
bpr,cellphone,causal,42,baseline,,done,,0.03207302581829966,0.008798396709997366,0.020593019157213736,0.023302625852313942,0.0066693151935545356,0.016704956109061756,4862.435986757278,1.420246304737197,4096.0,64.0,,0.0001,0.05,,1000.0,,,
bpr,cellphone,causal,42,k_embed_dim,32,done,,0.03275359187641785,0.009224986239236135,0.02112530442442932,0.023556506600899463,0.007130709761999252,0.01714276756396148,3540.414982318878,1.0335232428709666,4096.0,32.0,,0.0001,0.05,,1000.0,,,
bpr,cellphone,causal,42,k_embed_dim,128,done,,0.03244031543696662,0.008875342417132623,0.02091756646363963,0.024154939793993906,0.006840608803469521,0.01745192926239491,7401.154215335846,2.1638665245638955,4096.0,128.0,,0.0001,0.05,,1000.0,,,
bpr,cellphone,causal,42,k_embed_dim,256,done,,0.030074538187317704,0.008177823535121857,0.01950904421278185,0.022160162483679094,0.00626372748383362,0.016134513351822893,13834.889343261719,4.030649682548311,4096.0,256.0,,0.0001,0.05,,1000.0,,,
bpr,cellphone,causal,42,lambda_shared,1e-06,missing,,,,,,,,,,,,,,,,,,,
bpr,cellphone,causal,42,lambda_shared,1e-05,missing,,,,,,,,,,,,,,,,,,,
bpr,cellphone,causal,42,learning_rate,0.001,done,,0.014216268769579777,0.0038693448528276937,0.0089760688864944,0.011043812563470187,0.0030881925879304595,0.007565165857919155,24175.45893573761,6.764535534911685,4096.0,32.0,,0.0001,0.001,,1000.0,,,
bpr,cellphone,causal,42,lambda_shared,0.001,missing,,,,,,,,,,,,,,,,,,,
bpr,cellphone,causal,42,learning_rate,0.01,done,,0.014680782110835044,0.0037812720737285736,0.009243095045460847,0.012095604236181634,0.0030833497488674346,0.008034612314260208,3930.9758851528168,1.1410689868529638,4096.0,32.0,,0.0001,0.01,,1000.0,,,
bpr,cellphone,causal,42,lambda_shared,0.01,missing,,,,,,,,,,,,,,,,,,,
bpr,cellphone,causal,42,learning_rate,0.1,missing,,,,,,,,,,,,,,,,,,,
lightgcn,musical,uniform,42,baseline,,done,,0.0699177438307873,0.017883767028902542,0.03512511862932467,0.058694057226705794,0.015841125801847728,0.032735205963116264,1135.7271103858948,0.3198949988020791,,,0.0001,,0.001,,,,3.0,
lightgcn,musical,uniform,42,num_layers,1,done,,0.05611045828437133,0.014073723599380592,0.02872656441262035,0.0470600565978409,0.012282152804634721,0.026476475544095518,782.2148010730743,0.22137760122617087,,,0.0001,,0.001,,,,1.0,
lightgcn,musical,uniform,42,num_layers,2,done,,0.06580493537015276,0.016935627457157237,0.03342330053570892,0.052929462320511475,0.01440912875134128,0.028836922041311566,929.937273979187,0.26249620139598845,,,0.0001,,0.001,,,,2.0,
lightgcn,musical,uniform,42,num_layers,4,done,yes,0.07212103407755582,0.01820843524868254,0.03557940049468331,0.06152394927156483,0.016482024006549016,0.033885195209217026,1237.587461233139,0.34814880126052433,,,0.0001,,0.001,,,,4.0,
lightgcn,musical,uniform,123,baseline,,done,,0.06837544065804935,0.017686436833048207,0.034223094441286454,0.05628340844775181,0.015311664038982617,0.031520173383909236,2835.2246956825256,0.8026130596796671,,,0.0001,,0.001,,,,3.0,
lightgcn,musical,uniform,123,num_layers,1,done,,0.058166862514688604,0.014514331155993298,0.02845053524043219,0.0470600565978409,0.012031542426228361,0.02509768385102324,2838.400797843933,0.8040331377585729,,,0.0001,,0.001,,,,1.0,
lightgcn,musical,uniform,123,num_layers,2,done,,0.06764101057579318,0.017245420210828727,0.03383405080846653,0.05188135415574888,0.014257282399446541,0.028749639523866943,3084.697678089142,0.8722632855176926,,,0.0001,,0.001,,,,2.0,
lightgcn,musical,uniform,123,num_layers,4,done,yes,0.07241480611045828,0.01867815738468572,0.03678370076827706,0.060790273556231005,0.016615592686094225,0.03373093276386638,1387.4734761714935,0.3905068340566423,,,0.0001,,0.001,,,,4.0,
lightgcn,musical,causal,42,baseline,,done,,0.07278202115158637,0.01856082461488773,0.03647397387136265,0.06152394927156483,0.016220098174401062,0.034273313107953084,1083.4893307685852,0.3050675474935108,,,0.0001,,0.001,,,,3.0,
lightgcn,musical,causal,42,num_layers,1,done,,0.06176556991774383,0.015446050460177264,0.03070026034627432,0.049470705376794884,0.013325693982925418,0.028279106050841076,712.2471165657043,0.2019096432791816,,,0.0001,,0.001,,,,1.0,
lightgcn,musical,causal,42,num_layers,2,done,,0.06866921269095182,0.017578533528126366,0.03382110103303642,0.05722670579603815,0.015398339190430908,0.03261952610895316,919.4439470767975,0.259537847770585,,,0.0001,,0.001,,,,2.0,
lightgcn,musical,causal,42,num_layers,4,done,yes,0.0754994124559342,0.019032530554142536,0.037914865185975165,0.062152814170422385,0.016558585649552014,0.03511499630074408,1324.8881268501282,0.3722587404648463,,,0.0001,,0.001,,,,4.0,
lightgcn,musical,causal,123,baseline,,done,,0.06881609870740306,0.017698999252702078,0.03509401078826601,0.055968975998323026,0.015507808002751648,0.03169474619251579,1207.3045372962952,0.3385642743772931,,,0.0001,,0.001,,,,3.0,
lightgcn,musical,causal,123,num_layers,1,done,,0.0620593419506463,0.015138285806332353,0.030614747062082562,0.050309191908604965,0.01314296710599848,0.027639804290388086,592.3953430652618,0.16751927071147496,,,0.0001,,0.001,,,,1.0,
lightgcn,musical,causal,123,num_layers,2,done,,0.07226792009400705,0.0185035849575697,0.03733789645828682,0.05670265171365685,0.015219741362061851,0.03143994144348491,726.6286296844482,0.20621877875592973,,,0.0001,,0.001,,,,2.0,
lightgcn,musical,causal,123,num_layers,4,done,yes,0.07285546415981199,0.01861407448181172,0.037062328138216964,0.05743632742899067,0.015661552971032364,0.032769215666661994,1614.5026803016663,0.4515586684147517,,,0.0001,,0.001,,,,4.0,
lightgcn,baby,uniform,42,baseline,,done,,0.02954102668660233,0.007320982312007248,0.014919914856564574,0.020258414420162706,0.005298590018121736,0.01169537066058699,2865.3366379737854,0.803773630062739,,,0.0001,,0.001,,,,3.0,
lightgcn,baby,uniform,42,num_layers,1,done,,0.02170268678356214,0.005339072440140935,0.011498917671406332,0.015393204657840167,0.004065929489337203,0.00936319555048032,1679.625331401825,0.4741232739554511,,,0.0001,,0.001,,,,1.0,
lightgcn,baby,uniform,42,num_layers,2,done,,0.02827239363871143,0.006772232162976476,0.014158824372900955,0.01962035412346467,0.005246211890463976,0.011627090061649005,2040.6217482089996,0.5744429132011202,,,0.0001,,0.001,,,,2.0,
lightgcn,baby,uniform,42,num_layers,4,done,yes,0.032123601105523085,0.008059363180298061,0.016434441833847326,0.020896474716860743,0.005310133178522961,0.01205781559819989,3418.382952928543,0.9574860221147538,,,0.0001,,0.001,,,,4.0,
lightgcn,baby,uniform,123,baseline,,done,,0.029178560101490645,0.007037633251620557,0.014237429251475538,0.020736959642686233,0.005484938262596686,0.012007360335941448,2522.5637781620026,0.7070282451974021,,,0.0001,,0.001,,,,3.0,
lightgcn,baby,uniform,123,num_layers,1,done,,0.022880703185175117,0.005777761400568598,0.012175083900757347,0.018104960918806826,0.004911880250048928,0.0117114210297404,1303.8424062728882,0.36805447075102066,,,0.0001,,0.001,,,,1.0,
lightgcn,baby,uniform,123,num_layers,2,done,yes,0.029405101717185446,0.0076166440420924715,0.014815321096830912,0.02121550486520976,0.005732070848462528,0.01239745744964586,1577.4846019744873,0.44652473423216077,,,0.0001,,0.001,,,,2.0,
lightgcn,baby,uniform,123,num_layers,4,done,,0.030764351411354265,0.007455488034804601,0.015407063578613933,0.022252352847344073,0.005963904882918813,0.013088607735381546,3453.953006505966,0.968120565281974,,,0.0001,,0.001,,,,4.0,
lightgcn,baby,causal,42,baseline,,done,,0.03117212631960491,0.007672098946023039,0.01557960107190651,0.02081671717977349,0.005541174795846716,0.012211812467447103,2892.721169233322,0.8110168491469489,,,0.0001,,0.001,,,,3.0,
lightgcn,baby,causal,42,num_layers,1,done,,0.022880703185175117,0.005465856292549749,0.011898693181131258,0.018184718455894082,0.004623050871670257,0.010607546326900663,1554.2087914943695,0.43946106129222445,,,0.0001,,0.001,,,,1.0,
lightgcn,baby,causal,42,num_layers,2,done,,0.03135335961216076,0.007543827127229271,0.016545295057631724,0.021295262402297017,0.005600992213239487,0.012816688696631315,1830.7120954990387,0.5161304342746734,,,0.0001,,0.001,,,,2.0,
lightgcn,baby,causal,42,num_layers,4,done,yes,0.03547641701780617,0.00855221951851804,0.01839809045172282,0.023927261126176425,0.0064413679983769566,0.01518175017264257,3426.4669370651245,0.9595384019613266,,,0.0001,,0.001,,,,4.0,
lightgcn,baby,causal,123,baseline,,done,,0.030130034887408817,0.007003190627256543,0.015147244830326496,0.020976232253948,0.005326076122761533,0.012001954624998222,3042.839686393738,0.8596023472812441,,,0.0001,,0.001,,,,3.0,
lightgcn,baby,causal,123,num_layers,1,done,,0.023741561324815367,0.005608855669429079,0.012042460302739371,0.016669325251236242,0.004544269527912865,0.010689472032635872,2169.5282893180847,0.6101966700288984,,,0.0001,,0.001,,,,1.0,
lightgcn,baby,causal,123,num_layers,2,done,,0.029450410040324407,0.006846066315458318,0.014271154578897792,0.01985962673472643,0.005193637023698701,0.011875801094693307,2002.6054179668427,0.5625595567623775,,,0.0001,,0.001,,,,2.0,
lightgcn,baby,causal,123,num_layers,4,done,yes,0.036563816773141224,0.008739020833352406,0.018398572096819537,0.025761684479183283,0.0065908454726080696,0.015248492962858944,2750.079956293106,0.7696493658092287,,,0.0001,,0.001,,,,4.0,
lightgcn,cellphone,uniform,42,baseline,,done,,0.018234849303229987,0.005354375215481895,0.01172193341290339,0.013383142318293921,0.004305560963395057,0.009512559465887391,29028.741717338562,8.179440411925317,,,0.0001,,0.001,,,,3.0,
lightgcn,cellphone,uniform,42,num_layers,1,done,,0.013740952792481366,0.0041913289309327825,0.009002410563613871,0.010300304656898303,0.0033263654775949995,0.007416246899690245,19718.112659215927,5.593191048039331,,,0.0001,,0.001,,,,1.0,
lightgcn,cellphone,uniform,42,num_layers,2,done,,0.0184509020200929,0.005580233563334126,0.011803444949482322,0.014235456259973887,0.004549954892629402,0.01019201495003605,25640.351526021957,7.237612372305658,,,0.0001,,0.001,,,,2.0,
lightgcn,cellphone,uniform,42,num_layers,4,missing,,,,,,,,,,,,,,,,,,,
lightgcn,cellphone,uniform,123,baseline,,done,,0.018191638759857406,0.005474146024584137,0.01197608209909714,0.013020455534600319,0.004234079938845829,0.009380535292740265,24126.893265247345,6.783924873868624,,,0.0001,,0.001,,,,3.0,
lightgcn,cellphone,uniform,123,num_layers,1,missing,,,,,,,,,,,,,,,,,,,
lightgcn,cellphone,uniform,123,num_layers,2,missing,,,,,,,,,,,,,,,,,,,
lightgcn,cellphone,uniform,123,num_layers,4,missing,,,,,,,,,,,,,,,,,,,
neumf,musical,uniform,42,baseline,,done,,0.0282,0.0056,0.0133,0.019809244314013204,0.004280052921060488,0.009898440756705833,118.53880476951599,0.041862869527604846,256.0,,,,0.001,3.0,,8.0,,4.0
neumf,musical,uniform,42,num_factors,16,done,,0.0272,0.0054,0.0125,0.02452573105544492,0.0052297357183595985,0.012571222787795027,165.27933049201965,0.05712840775648753,256.0,,,,0.001,3.0,,16.0,,4.0
neumf,musical,uniform,42,num_factors,32,done,,0.0407,0.0084,0.0188,0.03574048841840478,0.008072997485120628,0.017417953539151848,265.3895916938782,0.09285678413179185,256.0,,,,0.001,3.0,,32.0,,4.0
neumf,musical,uniform,42,num_factors,64,done,,0.0358,0.0081,0.016,0.02746043391678021,0.006500499477585755,0.01429152952963504,468.4919981956482,0.17305691480636598,256.0,,,,0.001,3.0,,64.0,,4.0
neumf,musical,uniform,42,mlp_hidden_count,4,done,,0.0338,0.0071,0.0159,0.031128812493449325,0.006949312167028769,0.015562528301033756,444.4698872566223,0.1673322879605823,256.0,,,,0.001,4.0,,32.0,,4.0
neumf,musical,uniform,42,learning_rate,0.0001,done,,0.0402,0.0093,0.0183,0.03888481291269259,0.009916676594000041,0.019546542532077823,282.6731929779053,0.09815823508633507,256.0,,,,0.0001,3.0,,32.0,,4.0
neumf,musical,uniform,42,learning_rate,0.0005,done,,0.0441,0.0095,0.02,0.037522272298501205,0.0090114338385088,0.019107898088662353,276.1008496284485,0.09669948902395037,256.0,,,,0.0005,3.0,,32.0,,4.0
neumf,musical,uniform,42,learning_rate,0.005,done,,0.0333,0.007,0.0146,0.029032596163924118,0.005935910213652356,0.014289597124889308,268.72634291648865,0.09408490684297349,256.0,,,,0.005,3.0,,32.0,,4.0
neumf,musical,uniform,42,batch_size,128,missing,,,,,,,,,,,,,,,,,,,
neumf,musical,uniform,42,batch_size,512,missing,,,,,,,,,,,,,,,,,,,
neumf,musical,uniform,42,batch_size,1024,missing,,,,,,,,,,,,,,,,,,,
neumf,musical,causal,42,baseline,,done,,0.0231,0.0045,0.0106,0.01802746043391678,0.0038300455258451563,0.009176108743764127,109.71331858634949,0.0388056437836753,256.0,,,,0.001,3.0,,8.0,,4.0
neumf,musical,causal,42,num_factors,16,done,,0.0347,0.0069,0.0163,0.027670055549732734,0.005486217968094006,0.01312130637593286,165.03344082832336,0.057225421998235916,256.0,,,,0.001,3.0,,16.0,,4.0
neumf,musical,causal,42,num_factors,32,done,,0.0345,0.0071,0.0161,0.028927785347447856,0.006539910010340102,0.01400876278916482,273.31045794487,0.09549549460411072,256.0,,,,0.001,3.0,,32.0,,4.0
neumf,musical,causal,42,num_factors,64,done,,0.0391,0.009,0.0187,0.03479719107011844,0.008434413877866507,0.01837407459721684,474.19699931144714,0.17497967481613158,256.0,,,,0.001,3.0,,64.0,,4.0
neumf,musical,causal,42,mlp_hidden_count,4,done,,0.0409,0.0091,0.0188,0.03678859658316738,0.008992298174876569,0.020293693261262055,798.7163188457489,0.33990687118636237,256.0,,,,0.001,4.0,,64.0,,4.0
neumf,musical,causal,42,learning_rate,0.0001,done,,0.03,0.0059,0.0142,0.025364217587255006,0.00551168966915975,0.013655376666329388,814.0347990989685,0.34177208536201054,256.0,,,,0.0001,4.0,,64.0,,4.0
neumf,musical,causal,42,learning_rate,0.0005,done,,0.0397,0.0095,0.0194,0.035321245152499736,0.008694469597158996,0.018025693798349087,759.4514856338501,0.31320890168348947,256.0,,,,0.0005,4.0,,64.0,,4.0
neumf,musical,causal,42,learning_rate,0.005,done,,0.0303,0.0066,0.0147,0.024420920238968663,0.005792995587110885,0.012650640911952773,764.7367911338806,0.31528142392635344,256.0,,,,0.005,4.0,,64.0,,4.0
neumf,musical,causal,42,batch_size,128,missing,,,,,,,,,,,,,,,,,,,
neumf,musical,causal,42,batch_size,512,missing,,,,,,,,,,,,,,,,,,,
neumf,musical,causal,42,batch_size,1024,missing,,,,,,,,,,,,,,,,,,,
neumf,baby,uniform,42,baseline,,done,,0.0151,0.003,0.0069,0.011405327803477429,0.0024223323698545564,0.006028079986393774,449.13085412979126,0.13974593063195548,256.0,,,,0.001,3.0,,8.0,,4.0
neumf,baby,uniform,42,num_factors,16,done,,0.0183,0.0036,0.0087,0.012681448396873504,0.0028181097049599702,0.007099124543739971,752.5461165904999,0.23104296055104998,256.0,,,,0.001,3.0,,16.0,,4.0
neumf,baby,uniform,42,num_factors,32,done,,0.0185,0.0037,0.0086,0.01244217578561174,0.002915629202228457,0.006871598848811652,1277.7718448638916,0.3936566681332058,256.0,,,,0.001,3.0,,32.0,,4.0
neumf,baby,uniform,42,num_factors,64,done,,0.0172,0.0037,0.0079,0.012521933322698995,0.0027993779311084274,0.006477030876327605,2324.412244796753,0.7322908420032925,256.0,,,,0.001,3.0,,64.0,,4.0
neumf,baby,uniform,42,mlp_hidden_count,4,done,,0.0164,0.0035,0.0077,0.01260169085978625,0.002756572583022986,0.007182668422821887,2111.7456879615784,0.6715423415104548,256.0,,,,0.001,4.0,,32.0,,4.0
neumf,baby,uniform,42,learning_rate,0.0001,done,,0.024,0.0053,0.0115,0.017546658159196045,0.004033861778888121,0.009918173718866668,1232.954041481018,0.37981102771229214,256.0,,,,0.0001,3.0,,32.0,,4.0
neumf,baby,uniform,42,learning_rate,0.0005,done,,0.0205,0.0042,0.0099,0.014994416972403892,0.003542331867529641,0.008518571330270822,1231.7392120361328,0.3795135435130861,256.0,,,,0.0005,3.0,,32.0,,4.0
neumf,baby,uniform,42,learning_rate,0.005,done,,0.0192,0.0041,0.0096,0.013080236082309779,0.003024015570512549,0.006719198525753655,1231.985683441162,0.37996092975139617,256.0,,,,0.005,3.0,,32.0,,4.0
neumf,baby,uniform,42,batch_size,128,done,,0.0216,0.0049,0.0106,0.016908597862498004,0.0034788805301934405,0.009181170558876451,2423.7862327098846,0.7106118678384357,128.0,,,,0.0001,3.0,,32.0,,4.0
neumf,baby,uniform,42,batch_size,512,done,,0.0212,0.0047,0.0108,0.015871749880363693,0.0035424215194665367,0.008665687994674931,641.1048202514648,0.21550870365566677,512.0,,,,0.0001,3.0,,32.0,,4.0
neumf,baby,uniform,42,batch_size,1024,done,yes,0.0265,0.0055,0.0131,0.019540596586377412,0.004094796510799718,0.010544050399683393,351.8991434574127,0.13520887547069127,1024.0,,,,0.0001,3.0,,32.0,,4.0
neumf,baby,causal,42,baseline,,done,,0.014,0.0026,0.0061,0.009650661987557825,0.0021950171568870048,0.005150253057262809,460.4652433395386,0.1432081585460239,256.0,,,,0.001,3.0,,8.0,,4.0
neumf,baby,causal,42,num_factors,16,done,,0.0151,0.0029,0.0067,0.011804115488913702,0.0027340979083066586,0.006940086008042949,716.5569682121277,0.22031598541471692,256.0,,,,0.001,3.0,,16.0,,4.0
neumf,baby,causal,42,num_factors,32,done,,0.0166,0.0034,0.008,0.011564842877651938,0.002844137786056248,0.006621876117433152,1240.9782547950745,0.3820011905166838,256.0,,,,0.001,3.0,,32.0,,4.0
neumf,baby,causal,42,num_factors,64,done,,0.0206,0.0047,0.0104,0.014515871749880364,0.003395968655234712,0.008116277962240353,2278.902107000351,0.7189296611150106,256.0,,,,0.001,3.0,,64.0,,4.0
neumf,baby,causal,42,mlp_hidden_count,4,done,,0.0157,0.0034,0.0076,0.011485085340564683,0.0025014182594296267,0.0062975817047849865,3812.3280460834503,1.2332096779346466,256.0,,,,0.001,4.0,,64.0,,4.0
neumf,baby,causal,42,learning_rate,0.0001,done,,0.0138,0.0027,0.0066,0.00973041952464508,0.0024215037535449753,0.00571919627637305,2269.0401124954224,0.7162733260790507,256.0,,,,0.0001,3.0,,64.0,,4.0
neumf,baby,causal,42,learning_rate,0.0005,done,,0.0183,0.0039,0.0086,0.013399266230658798,0.0035879912500254535,0.007995346045145246,2276.9963846206665,0.7184665181901719,256.0,,,,0.0005,3.0,,64.0,,4.0
neumf,baby,causal,42,learning_rate,0.005,done,,0.0185,0.0041,0.0093,0.013399266230658798,0.003345540292340168,0.008155527923404167,2265.0097029209137,0.7151076883739895,256.0,,,,0.005,3.0,,64.0,,4.0
neumf,baby,causal,42,batch_size,128,missing,,,,,,,,,,,,,,,,,,,
neumf,baby,causal,42,batch_size,512,missing,,,,,,,,,,,,,,,,,,,
neumf,baby,causal,42,batch_size,1024,missing,,,,,,,,,,,,,,,,,,,
neumf,cellphone,uniform,42,baseline,,done,,0.0053,0.0012,0.0031,0.004116494994922385,0.001005424345511574,0.0026527947607303476,1869.8593282699585,0.6841985511779786,256.0,,,,0.001,3.0,,8.0,,4.0
neumf,cellphone,uniform,42,num_factors,16,done,,0.0058,0.0014,0.0036,0.00493254025823299,0.0013178339779222864,0.0034940632412705547,3315.4132974147797,1.1657806445492638,256.0,,,,0.001,3.0,,16.0,,4.0
neumf,cellphone,uniform,42,num_factors,32,done,,0.0065,0.0016,0.004,0.005095749310895111,0.0015288657060634646,0.003603826366502271,5950.568396091461,2.102510570618841,256.0,,,,0.001,3.0,,32.0,,4.0
neumf,cellphone,uniform,42,num_factors,64,done,,0.0053,0.0015,0.0035,0.004660525170462788,0.0014137491016975585,0.0036323297271904542,11309.379597187042,4.224591485593054,256.0,,,,0.001,3.0,,64.0,,4.0
neumf,cellphone,uniform,42,mlp_hidden_count,4,missing,,,,,,,,,,,,,,,,,,,
neumf,cellphone,uniform,42,learning_rate,0.0001,missing,,,,,,,,,,,,,,,,,,,
neumf,cellphone,uniform,42,learning_rate,0.0005,missing,,,,,,,,,,,,,,,,,,,
neumf,cellphone,uniform,42,learning_rate,0.005,missing,,,,,,,,,,,,,,,,,,,
neumf,cellphone,uniform,42,batch_size,128,missing,,,,,,,,,,,,,,,,,,,
neumf,cellphone,uniform,42,batch_size,512,missing,,,,,,,,,,,,,,,,,,,
neumf,cellphone,uniform,42,batch_size,1024,missing,,,,,,,,,,,,,,,,,,,
neumf-pretrain,musical,uniform,42,baseline,,done,,0.0559,0.0132,0.0259,0.04789854312965098,0.013047763532109492,0.024396151125205115,223.6556215286255,0.07069602727890015,256.0,,,,0.001,3.0,,8.0,,4.0
neumf-pretrain,musical,uniform,42,num_factors,16,done,,0.0518,0.0127,0.025,0.045802326800125776,0.011697780326953632,0.02425760289014542,282.60905480384827,0.08968412578105926,256.0,,,,0.001,3.0,,16.0,,4.0
neumf-pretrain,musical,uniform,42,num_factors,32,done,,0.051,0.0117,0.0237,0.04265800230583796,0.01080930978778195,0.022212607673873216,400.1970479488373,0.130044673482577,256.0,,,,0.001,3.0,,32.0,,4.0
neumf-pretrain,musical,uniform,42,num_factors,64,done,,0.0493,0.0114,0.0234,0.04307724557174301,0.010247708900175843,0.02231690997666941,653.523092508316,0.22406611568397947,256.0,,,,0.001,3.0,,64.0,,4.0
neumf-pretrain,musical,uniform,42,mlp_hidden_count,4,done,,0.0447,0.0106,0.0211,0.03773189393145373,0.009376900132366663,0.019007357657656376,280.7526001930237,0.08899652851952447,256.0,,,,0.001,4.0,,8.0,,4.0
neumf-pretrain,musical,uniform,42,learning_rate,0.0001,done,,0.046,0.0111,0.0204,0.04443978618593439,0.012101312973085945,0.02208132083034046,214.49353289604187,0.06787800749142965,256.0,,,,0.0001,3.0,,8.0,,4.0
neumf-pretrain,musical,uniform,42,learning_rate,0.0005,done,,0.0544,0.013,0.0251,0.04999475945917619,0.013180183161535672,0.02572760593867482,216.95298218727112,0.06852018018563588,256.0,,,,0.0005,3.0,,8.0,,4.0
neumf-pretrain,musical,uniform,42,learning_rate,0.005,done,,0.0506,0.0123,0.0238,0.043601299654124306,0.0111424375708134,0.0217830841537661,213.88953709602356,0.06767188628514607,256.0,,,,0.005,3.0,,8.0,,4.0
neumf-pretrain,musical,uniform,42,batch_size,128,done,,0.05199764982373678,0.012682627059628793,0.024176345042728618,0.046221570066030816,0.011786549898230064,0.02435869939197602,401.9322874546051,0.11903231660525004,128.0,,,,0.001,3.0,,8.0,,4.0
neumf-pretrain,musical,uniform,42,batch_size,512,done,,0.0525117508813161,0.012567612693884267,0.025338144503573024,0.04517346190126821,0.01212008207190069,0.022993518772323994,106.75493597984314,0.0369563219944636,512.0,,,,0.001,3.0,,8.0,,4.0
neumf-pretrain,musical,uniform,42,batch_size,1024,done,yes,0.05566980023501763,0.013387935914944978,0.024894476325062725,0.04695524578136464,0.01258304987837866,0.02390095209643271,81.57159042358398,0.03001486791504754,1024.0,,,,0.001,3.0,,8.0,,4.0
neumf-pretrain,musical,causal,42,baseline,,done,,0.0579,0.0128,0.0276,0.044544597002410646,0.010707900912352263,0.023939415789725832,223.40301275253296,0.07032058835029602,256.0,,,,0.001,3.0,,8.0,,4.0
neumf-pretrain,musical,causal,42,num_factors,16,done,,0.0514,0.0106,0.0244,0.043286867204695524,0.010294250384656065,0.023069397410784738,278.2861895561218,0.08825883150100708,256.0,,,,0.001,3.0,,16.0,,4.0
neumf-pretrain,musical,causal,42,num_factors,32,done,,0.052,0.0122,0.0252,0.04391573210355309,0.011004599289601347,0.02346977849087776,404.9215512275696,0.13143723911709257,256.0,,,,0.001,3.0,,32.0,,4.0
neumf-pretrain,musical,causal,42,num_factors,64,done,,0.0526,0.0125,0.0259,0.047164867414317156,0.01137593952035801,0.02454411380199077,658.6895844936371,0.22539659639199575,256.0,,,,0.001,3.0,,64.0,,4.0
neumf-pretrain,musical,causal,42,mlp_hidden_count,4,done,,0.042156286721504115,0.008729902085549138,0.020382084534145264,0.03563567760192852,0.008166885864668284,0.019297815111008334,271.6124002933502,0.08323668678601583,256.0,,,,0.001,4.0,,8.0,,4.0
neumf-pretrain,musical,causal,42,learning_rate,0.0001,done,yes,0.060517038777908344,0.014341154709888806,0.027800753478827454,0.05083324599098627,0.01378681085722249,0.025815354220918865,207.9609134197235,0.06521179245577918,256.0,,,,0.0001,3.0,,8.0,,4.0
neumf-pretrain,musical,causal,42,learning_rate,0.0005,done,,0.06037015276145711,0.013690689320020471,0.028471885622690114,0.05146211088984383,0.012391177581933378,0.026036310236740818,208.39198088645935,0.06534668061468336,256.0,,,,0.0005,3.0,,8.0,,4.0
neumf-pretrain,musical,causal,42,learning_rate,0.005,done,,0.046856639247943595,0.009927588559845936,0.021752670683343942,0.03815113719735877,0.008833691104463793,0.020773669798466808,207.79943251609802,0.06514111287064023,256.0,,,,0.005,3.0,,8.0,,4.0
neumf-pretrain,musical,causal,42,batch_size,128,done,,0.059195064629847235,0.013662991262308345,0.02788112452338256,0.049785137826223666,0.01311667321346609,0.025791257563869692,400.7514729499817,0.11881774796379937,128.0,,,,0.0001,3.0,,8.0,,4.0
neumf-pretrain,musical,causal,42,batch_size,512,done,,0.059709165687426555,0.013769232660542566,0.027439652207330897,0.052929462320511475,0.013946077439409489,0.026964746248687194,113.29423642158508,0.03879015862941742,512.0,,,,0.0001,3.0,,8.0,,4.0
neumf-pretrain,musical,causal,42,batch_size,1024,done,,0.06059048178613396,0.01394327189891213,0.027806714047378663,0.05397757048527408,0.014064796766076543,0.027507924902126814,88.65153098106384,0.03231156647205353,1024.0,,,,0.0001,3.0,,8.0,,4.0
neumf-pretrain,baby,uniform,42,baseline,,done,,0.0216,0.0046,0.0103,0.014675386824054873,0.0032200143473733274,0.00790191415024276,827.4495208263397,0.24577013770739237,256.0,,,,0.001,3.0,,8.0,,4.0
neumf-pretrain,baby,uniform,42,num_factors,16,done,,0.0222,0.0046,0.0104,0.01826447599298134,0.004404157270456988,0.010360128960026447,1100.4037728309631,0.32766936745908526,256.0,,,,0.001,3.0,,16.0,,4.0
neumf-pretrain,baby,uniform,42,num_factors,32,done,,0.0256,0.0059,0.0128,0.01746690062210879,0.004208524417347157,0.010191752785708337,1773.9425768852234,0.5316154415077633,256.0,,,,0.001,3.0,,32.0,,4.0
neumf-pretrain,baby,uniform,42,num_factors,64,done,,0.0237,0.0055,0.0122,0.016190780028712715,0.0038027350837328603,0.008917399747540824,3555.083438396454,1.0855413934257296,256.0,,,,0.001,3.0,,64.0,,4.0
neumf-pretrain,baby,uniform,42,mlp_hidden_count,4,done,,0.026460060713153006,0.005837481318165105,0.013214082981406977,0.016031264954538205,0.004193936357001632,0.009763926213712979,2617.205356359482,0.7710700851016574,256.0,,,,0.001,4.0,,32.0,,4.0
neumf-pretrain,baby,uniform,42,learning_rate,0.0001,done,,0.026142902451180283,0.005824537369274692,0.012975016102868109,0.017626415696283298,0.004572034796919216,0.010089183904361617,1612.827659368515,0.4717506637838152,256.0,,,,0.0001,3.0,,32.0,,4.0
neumf-pretrain,baby,uniform,42,learning_rate,0.0005,done,,0.02736622717593222,0.006087902812071027,0.013984251005120883,0.01962035412346467,0.00483520007201982,0.010694357060052399,1612.851212978363,0.47221717615922293,256.0,,,,0.0005,3.0,,32.0,,4.0
neumf-pretrain,baby,uniform,42,learning_rate,0.005,done,,0.024194644556204976,0.005733998109567574,0.012509571875261033,0.016111022491625458,0.003768551849664023,0.00872506438824769,1620.8015990257263,0.4739991309907701,256.0,,,,0.005,3.0,,32.0,,4.0
neumf-pretrain,baby,uniform,42,batch_size,128,done,,0.023424403062842644,0.005325329978714241,0.011605477062842253,0.01714787047375977,0.004008247718748392,0.00973556673821985,3157.993574142456,0.9010295876529482,128.0,,,,0.0005,3.0,,32.0,,4.0
neumf-pretrain,baby,uniform,42,batch_size,512,done,,0.031625209550994515,0.0072677963157850925,0.016194594331026935,0.021295262402297017,0.005075620584471163,0.011906944193880145,833.832879781723,0.255322655638059,512.0,,,,0.0005,3.0,,32.0,,4.0
neumf-pretrain,baby,uniform,42,batch_size,1024,done,yes,0.0319876761361062,0.007678715650800043,0.01570150032252048,0.02233211038443133,0.005182366766952961,0.011779390956633322,481.38944721221924,0.1575581642654207,1024.0,,,,0.0005,3.0,,32.0,,4.0
neumf-pretrain,baby,causal,42,baseline,,done,,0.012550405509492093,0.0022286671391235444,0.005736707853265768,0.007337693412027437,0.0014832822969113152,0.004210557872894958,703.728119134903,0.20777480363845824,256.0,,,,0.001,3.0,,8.0,,4.0
neumf-pretrain,baby,causal,42,num_factors,16,done,,0.018168637578723213,0.0034963589869357985,0.008715143971374071,0.01124581272930292,0.0024143030820142166,0.006314137421864052,990.3697831630707,0.2895752712753084,256.0,,,,0.001,3.0,,16.0,,4.0
neumf-pretrain,baby,causal,42,num_factors,32,done,,0.02532735263467899,0.005565041972045553,0.012993314825036777,0.01970011166055192,0.004491513845591007,0.012009001815929937,1622.610196352005,0.474650111662017,256.0,,,,0.001,3.0,,32.0,,4.0
neumf-pretrain,baby,causal,42,num_factors,64,done,,0.0245118028181777,0.005792134252922392,0.012360310375348267,0.014994416972403892,0.004092081454358173,0.00925516233960915,2884.0200839042664,0.8469327990876304,256.0,,,,0.001,3.0,,64.0,,4.0
neumf-pretrain,baby,causal,42,mlp_hidden_count,4,done,,0.026188210774319244,0.006183017275903059,0.013709542330446524,0.016430052639974477,0.004364707694415023,0.009812061252153956,4929.907427310944,1.4756129087342156,256.0,,,,0.001,4.0,,64.0,,4.0
neumf-pretrain,baby,causal,42,learning_rate,0.0001,done,,0.01735308776222192,0.003804165777581063,0.008945349982099492,0.011963630563088213,0.003069644591748869,0.0076931878722670015,4896.620608091354,1.4647145091162788,256.0,,,,0.0001,4.0,,64.0,,4.0
neumf-pretrain,baby,causal,42,learning_rate,0.0005,done,,0.025191427665262108,0.005884712597884836,0.012448347831977303,0.01682884032541075,0.0044623054905832,0.010750172431132897,4890.464112281799,1.4648968536323972,256.0,,,,0.0005,4.0,,64.0,,4.0
neumf-pretrain,baby,causal,42,learning_rate,0.005,done,yes,0.028498935254406235,0.006190872678558576,0.014525296290249528,0.01826447599298134,0.00449389672938681,0.010699549861644151,5056.884572267532,1.5097329742378658,256.0,,,,0.005,4.0,,64.0,,4.0
neumf-pretrain,baby,causal,42,batch_size,128,done,,0.024421186171899777,0.005469200105565787,0.012500251112711164,0.016270537565799967,0.004193368215176981,0.009470397978627077,9593.514434337616,2.7693331411149766,128.0,,,,0.005,4.0,,64.0,,4.0
neumf-pretrain,baby,causal,42,batch_size,512,done,,0.02591636083548548,0.005935914824866531,0.013555486018944383,0.017068112936672517,0.004122819738299105,0.010057292406773513,2525.5428771972656,0.8060193422105577,512.0,,,,0.005,4.0,,64.0,,4.0
neumf-pretrain,baby,causal,42,batch_size,1024,done,,0.026958452267681572,0.005961155572688404,0.013654463461679825,0.018902536289679375,0.004484035897733838,0.010607569900437227,1393.0067942142487,0.49150113072660234,1024.0,,,,0.005,4.0,,64.0,,4.0
neumf-pretrain,cellphone,uniform,42,baseline,,done,,0.01077022793561629,0.0028208209344101373,0.0070043470071350445,0.008541273755984333,0.0024199981092657427,0.006083062226069622,2491.769857406616,0.8104805833101273,256.0,,,,0.001,3.0,,8.0,,4.0
neumf-pretrain,cellphone,uniform,42,num_factors,16,done,,0.011720859889813114,0.003229967811421624,0.007573396969211913,0.00988321485565066,0.0028894954311687576,0.007024121706589423,4265.594676494598,1.3536708478132884,256.0,,,,0.001,3.0,,16.0,,4.0
neumf-pretrain,cellphone,uniform,42,num_factors,32,done,,0.01210975478016636,0.0034234748301631974,0.007918081451846056,0.009502393732772377,0.0027772003025229456,0.006765548403351241,7588.81076002121,2.3945628888077204,256.0,,,,0.001,3.0,,32.0,,4.0
neumf-pretrain,cellphone,uniform,42,num_factors,64,done,,0.011439991357891326,0.003185368071570872,0.007378923024062793,0.009357319019294937,0.0029222867640704355,0.006667428021065769,14356.974076986313,4.566383892695109,256.0,,,,0.001,3.0,,64.0,,4.0
neumf-pretrain,cellphone,uniform,42,mlp_hidden_count,4,done,,0.011439991357891326,0.003311077303927916,0.007549246066401608,0.009393587697664298,0.0028370027125805097,0.00650223891555677,13105.57979440689,4.1922749500804475,256.0,,,,0.001,4.0,,32.0,,4.0
neumf-pretrain,cellphone,uniform,42,learning_rate,0.0001,done,,0.012703899751539375,0.003724636672709174,0.008400847073242854,0.009556796750326418,0.002964661155530488,0.0070239123635685305,7634.545144557953,2.4085856119129394,256.0,,,,0.0001,3.0,,32.0,,4.0
neumf-pretrain,cellphone,uniform,42,learning_rate,0.0005,done,,0.013038781462676893,0.0038088576603035394,0.008558780834443471,0.010662991440591905,0.003300988670427979,0.007787906648616783,7711.366900682449,2.429753761490186,256.0,,,,0.0005,3.0,,32.0,,4.0
neumf-pretrain,cellphone,uniform,42,learning_rate,0.005,done,,0.011018688560008642,0.0031159479537751756,0.0070193762281228755,0.008922094878862615,0.0025937128791530175,0.006330648090404365,7717.374909162521,2.4343324684434466,256.0,,,,0.005,3.0,,32.0,,4.0
neumf-pretrain,cellphone,uniform,42,batch_size,128,missing,,,,,,,,,,,,,,,,,,,
neumf-pretrain,cellphone,uniform,42,batch_size,512,missing,,,,,,,,,,,,,,,,,,,
neumf-pretrain,cellphone,uniform,42,batch_size,1024,missing,,,,,,,,,,,,,,,,,,,
